id,name,department,salary
1,Sneha_1,Sales,45418
2,Sneha_2,Admin,42746
3,Pooja_3,Admin,36016
4,Sneha_4,Finance,37320
5,Sneha_5,HR,70059
6,Anita_6,HR,66983
7,Neha_7,Sales,57562
8,Anita_8,HR,63436
9,Sneha_9,Sales,43635
10,Karan_10,HR,45116
11,Neha_11,Admin,48973
12,Ravi_12,Admin,56606
13,Pooja_13,Finance,45605
14,Amit_14,HR,69755
15,Neha_15,Sales,62074
16,Amit_16,Sales,59305
17,Ravi_17,Sales,74531
18,Priya_18,Admin,32959
19,Arjun_19,Sales,25788
20,Karan_20,HR,73095
21,Rahul_21,Admin,68016
22,Priya_22,HR,36931
23,Karan_23,Admin,49559
24,Karan_24,Sales,47881
25,Sneha_25,Admin,55027
26,Neha_26,Sales,64969
27,Rahul_27,Sales,76255
28,Karan_28,Finance,33373
29,Karan_29,Admin,39285
30,Neha_30,Finance,32364
31,Arjun_31,Sales,71221
32,Ravi_32,Admin,26065
33,Anita_33,HR,35336
34,Neha_34,Sales,53426
35,Priya_35,Sales,60470
36,Pooja_36,Sales,76067
37,Priya_37,Finance,51411
38,Pooja_38,Sales,50874
39,Priya_39,Sales,21317
40,Sneha_40,Sales,78678
41,Amit_41,HR,26157
42,Rahul_42,Sales,21417
43,Arjun_43,HR,48644
44,Priya_44,Admin,29220
45,Pooja_45,Admin,74587
46,Priya_46,Finance,21518
47,Anita_47,Admin,29126
48,Ravi_48,HR,41919
49,Pooja_49,Finance,74511
50,Anita_50,Admin,26172
51,Amit_51,Finance,61666
52,Ravi_52,Sales,67307
53,Neha_53,Finance,62102
54,Amit_54,Admin,60029
55,Anita_55,Finance,37869
56,Amit_56,Finance,69995
57,Rahul_57,Admin,44281
58,Pooja_58,Sales,39419
59,Sneha_59,Admin,45366
60,Amit_60,Finance,53192
61,Arjun_61,Admin,42986
62,Neha_62,Sales,52411
63,Ravi_63,Finance,41365
64,Sneha_64,Admin,40762
65,Priya_65,Finance,37591
66,Amit_66,Admin,56641
67,Sneha_67,Sales,67081
68,Anita_68,Admin,74946
69,Pooja_69,Finance,73170
70,Amit_70,Finance,48968
71,Sneha_71,Admin,31927
72,Karan_72,Sales,63684
73,Amit_73,HR,47148
74,Arjun_74,Sales,69413
75,Neha_75,HR,70672
76,Sneha_76,Admin,25325
77,Karan_77,Finance,28284
78,Karan_78,Admin,58492
79,Pooja_79,Sales,65331
80,Karan_80,Admin,35269
81,Neha_81,Finance,49633
82,Priya_82,Finance,21468
83,Neha_83,Admin,28886
84,Priya_84,Sales,46582
85,Amit_85,Sales,73045
86,Anita_86,Admin,55640
87,Ravi_87,Finance,61241
88,Rahul_88,Finance,75720
89,Ravi_89,Admin,48695
90,Neha_90,Admin,22600
91,Karan_91,HR,36400
92,Ravi_92,Admin,40551
93,Priya_93,Sales,41723
94,Ravi_94,Admin,24228
95,Ravi_95,HR,66617
96,Anita_96,HR,43208
97,Sneha_97,Admin,76963
98,Sneha_98,Sales,63084
99,Rahul_99,Admin,21486
100,Anita_100,Finance,67021
101,Anita_101,Admin,41622
102,Sneha_102,Sales,67597
103,Rahul_103,Admin,49831
104,Neha_104,Sales,63135
105,Amit_105,Finance,64457
106,Pooja_106,HR,35163
107,Karan_107,Finance,73779
108,Amit_108,Sales,33320
109,Arjun_109,HR,59069
110,Neha_110,Admin,73237
111,Amit_111,Admin,58505
112,Priya_112,Admin,53246
113,Amit_113,Sales,22968
114,Pooja_114,Finance,36156
115,Karan_115,Admin,21178
116,Amit_116,Finance,40065
117,Ravi_117,Sales,50524
118,Ravi_118,Finance,51875
119,Priya_119,Finance,34019
120,Sneha_120,Admin,65091
121,Sneha_121,Sales,53134
122,Arjun_122,Sales,20349
123,Arjun_123,Finance,54858
124,Sneha_124,Admin,33793
125,Anita_125,Finance,75255
126,Priya_126,Admin,76578
127,Sneha_127,Admin,54047
128,Pooja_128,Finance,62037
129,Karan_129,Admin,56872
130,Priya_130,HR,30167
131,Neha_131,Admin,58285
132,Sneha_132,Finance,54405
133,Ravi_133,HR,30746
134,Rahul_134,Finance,24763
135,Pooja_135,Admin,44160
136,Anita_136,Sales,34643
137,Priya_137,Admin,59616
138,Priya_138,Sales,56071
139,Rahul_139,Sales,77361
140,Neha_140,Admin,55033
141,Karan_141,Admin,39927
142,Anita_142,Admin,45012
143,Amit_143,Sales,52791
144,Ravi_144,Finance,37863
145,Neha_145,Admin,47652
146,Ravi_146,HR,77840
147,Neha_147,Finance,28386
148,Neha_148,Admin,27912
149,Pooja_149,Admin,32354
150,Amit_150,Finance,53189
151,Pooja_151,Sales,65615
152,Rahul_152,Admin,59708
153,Neha_153,Sales,42896
154,Karan_154,Finance,68203
155,Priya_155,Admin,65838
156,Ravi_156,HR,45775
157,Neha_157,Finance,64905
158,Sneha_158,HR,38250
159,Anita_159,Sales,20196
160,Rahul_160,HR,75258
161,Rahul_161,Admin,34427
162,Amit_162,Admin,61214
163,Priya_163,Sales,65367
164,Pooja_164,HR,66796
165,Pooja_165,Finance,35019
166,Ravi_166,Sales,37655
167,Ravi_167,Sales,45939
168,Anita_168,Finance,66188
169,Karan_169,HR,76062
170,Neha_170,Sales,78924
171,Neha_171,Sales,76645
172,Anita_172,Admin,58879
173,Arjun_173,Finance,38340
174,Karan_174,Admin,50488
175,Ravi_175,Sales,67141
176,Arjun_176,HR,41431
177,Karan_177,Finance,32753
178,Amit_178,Admin,73268
179,Ravi_179,Sales,42652
180,Neha_180,Sales,34667
181,Karan_181,Admin,58869
182,Anita_182,Finance,69634
183,Priya_183,Admin,52441
184,Sneha_184,HR,74486
185,Anita_185,Sales,66981
186,Priya_186,Sales,54659
187,Priya_187,HR,74266
188,Anita_188,Admin,53657
189,Rahul_189,Finance,37436
190,Arjun_190,Admin,73291
191,Rahul_191,Admin,65658
192,Rahul_192,Finance,23562
193,Amit_193,Admin,23478
194,Anita_194,Sales,69849
195,Pooja_195,Sales,42540
196,Pooja_196,Admin,47933
197,Neha_197,Sales,20539
198,Amit_198,Finance,54372
199,Priya_199,Admin,24690
200,Amit_200,Finance,50328
201,Pooja_201,Finance,33071
202,Arjun_202,HR,23502
203,Pooja_203,Sales,62261
204,Anita_204,Finance,67122
205,Ravi_205,Sales,60827
206,Anita_206,HR,76842
207,Sneha_207,Admin,43203
208,Karan_208,Sales,21397
209,Karan_209,Sales,22038
210,Rahul_210,Finance,67888
211,Neha_211,Admin,73707
212,Arjun_212,Admin,74499
213,Karan_213,Finance,66230
214,Karan_214,Admin,24628
215,Neha_215,Finance,39928
216,Arjun_216,Sales,32313
217,Neha_217,Admin,55487
218,Rahul_218,Finance,70882
219,Amit_219,Sales,69137
220,Rahul_220,HR,27769
221,Priya_221,Sales,38240
222,Karan_222,Sales,50923
223,Priya_223,Admin,50947
224,Rahul_224,HR,47911
225,Ravi_225,Admin,76248
226,Amit_226,Admin,44364
227,Anita_227,Sales,26811
228,Neha_228,Finance,56015
229,Karan_229,Finance,57661
230,Sneha_230,Sales,71788
231,Arjun_231,Admin,55622
232,Pooja_232,Finance,78118
233,Arjun_233,Finance,60933
234,Rahul_234,Sales,68023
235,Pooja_235,HR,50953
236,Ravi_236,Sales,35230
237,Sneha_237,Sales,45184
238,Amit_238,Sales,42754
239,Karan_239,HR,73820
240,Rahul_240,Sales,69542
241,Pooja_241,Finance,37445
242,Ravi_242,Admin,50912
243,Ravi_243,Finance,58695
244,Neha_244,Admin,45014
245,Amit_245,Admin,53717
246,Ravi_246,Sales,70173
247,Priya_247,HR,69920
248,Karan_248,Sales,61205
249,Rahul_249,Finance,21189
250,Priya_250,Finance,57672
251,Anita_251,HR,57238
252,Arjun_252,Finance,78891
253,Arjun_253,Finance,66390
254,Karan_254,Sales,40581
255,Ravi_255,Sales,79371
256,Arjun_256,Admin,79166
257,Ravi_257,Finance,50686
258,Neha_258,Admin,41559
259,Arjun_259,HR,44709
260,Amit_260,Admin,47795
261,Arjun_261,Finance,33904
262,Amit_262,Sales,44311
263,Ravi_263,Sales,42534
264,Priya_264,HR,79896
265,Sneha_265,Sales,59661
266,Anita_266,Sales,40418
267,Ravi_267,HR,44566
268,Amit_268,Admin,50678
269,Neha_269,Admin,49271
270,Neha_270,Sales,79827
271,Sneha_271,Finance,44059
272,Arjun_272,Finance,36821
273,Priya_273,HR,62801
274,Rahul_274,HR,76194
275,Sneha_275,Finance,47556
276,Priya_276,Sales,34664
277,Amit_277,Admin,25401
278,Arjun_278,Sales,69258
279,Ravi_279,Sales,66527
280,Arjun_280,Admin,34330
281,Arjun_281,Sales,40149
282,Anita_282,Admin,46836
283,Priya_283,Admin,68496
284,Karan_284,Sales,71567
285,Arjun_285,Admin,61305
286,Sneha_286,HR,61950
287,Karan_287,Sales,54782
288,Arjun_288,HR,38190
289,Rahul_289,Finance,79072
290,Karan_290,Finance,44168
291,Karan_291,Admin,25619
292,Amit_292,Admin,37409
293,Ravi_293,HR,41343
294,Anita_294,Finance,41911
295,Amit_295,Sales,63419
296,Amit_296,Sales,36408
297,Sneha_297,Sales,69967
298,Amit_298,HR,73255
299,Karan_299,Finance,52054
300,Rahul_300,Admin,55568
301,Neha_301,Sales,37232
302,Sneha_302,Sales,47907
303,Sneha_303,Admin,32832
304,Ravi_304,HR,64345
305,Neha_305,Admin,66336
306,Neha_306,Sales,72755
307,Sneha_307,Admin,33741
308,Arjun_308,Sales,42345
309,Pooja_309,Sales,67979
310,Karan_310,HR,61429
311,Priya_311,Sales,21532
312,Pooja_312,Finance,68145
313,Sneha_313,Admin,46274
314,Karan_314,Admin,67975
315,Arjun_315,HR,31239
316,Anita_316,Sales,22831
317,Rahul_317,HR,59802
318,Rahul_318,Finance,39510
319,Priya_319,Sales,70461
320,Rahul_320,Sales,49481
321,Ravi_321,Sales,74628
322,Priya_322,Finance,39885
323,Anita_323,Admin,48191
324,Arjun_324,Finance,51397
325,Ravi_325,Sales,73350
326,Priya_326,HR,44327
327,Karan_327,Sales,44617
328,Anita_328,Admin,24551
329,Amit_329,Sales,64061
330,Priya_330,Admin,65361
331,Ravi_331,Sales,71947
332,Rahul_332,Finance,48815
333,Arjun_333,HR,33309
334,Rahul_334,Admin,30035
335,Rahul_335,Admin,50103
336,Karan_336,Sales,27793
337,Pooja_337,Finance,47551
338,Arjun_338,Finance,52865
339,Neha_339,HR,34606
340,Arjun_340,Finance,51142
341,Priya_341,HR,40797
342,Anita_342,Sales,27037
343,Anita_343,Finance,47623
344,Arjun_344,HR,73216
345,Rahul_345,Sales,27859
346,Neha_346,Sales,78728
347,Arjun_347,Admin,78477
348,Arjun_348,HR,67771
349,Anita_349,Sales,32523
350,Sneha_350,Finance,27314
351,Pooja_351,HR,66406
352,Priya_352,Sales,33551
353,Arjun_353,Finance,66012
354,Rahul_354,HR,25105
355,Karan_355,Finance,65249
356,Karan_356,Finance,70754
357,Priya_357,HR,55016
358,Sneha_358,Admin,64618
359,Rahul_359,Admin,23225
360,Arjun_360,Admin,20642
361,Anita_361,Admin,41747
362,Priya_362,Finance,21260
363,Anita_363,Admin,49944
364,Ravi_364,HR,39609
365,Anita_365,Sales,58619
366,Sneha_366,HR,38335
367,Anita_367,HR,39255
368,Ravi_368,HR,37385
369,Rahul_369,Admin,68784
370,Sneha_370,HR,68301
371,Priya_371,Sales,72249
372,Sneha_372,Admin,65524
373,Rahul_373,Admin,49554
374,Arjun_374,HR,21193
375,Karan_375,Sales,76658
376,Pooja_376,Sales,36253
377,Anita_377,Sales,45710
378,Anita_378,HR,32381
379,Rahul_379,HR,41033
380,Amit_380,Finance,28001
381,Arjun_381,HR,24836
382,Arjun_382,HR,52615
383,Pooja_383,Sales,50635
384,Anita_384,Finance,54363
385,Ravi_385,HR,36929
386,Arjun_386,Finance,46712
387,Rahul_387,HR,59127
388,Neha_388,HR,26685
389,Priya_389,HR,74226
390,Neha_390,Sales,42885
391,Rahul_391,Sales,24352
392,Ravi_392,HR,76128
393,Pooja_393,Sales,34664
394,Arjun_394,Admin,37652
395,Ravi_395,Admin,60628
396,Priya_396,Sales,49537
397,Pooja_397,HR,40550
398,Ravi_398,Sales,75465
399,Neha_399,HR,20264
400,Neha_400,HR,65761
401,Neha_401,HR,22317
402,Karan_402,Finance,27754
403,Neha_403,Admin,75580
404,Pooja_404,Admin,27880
405,Pooja_405,Sales,36873
406,Pooja_406,HR,72300
407,Anita_407,Sales,71418
408,Priya_408,Finance,27633
409,Rahul_409,HR,55934
410,Karan_410,Sales,30158
411,Ravi_411,HR,37146
412,Ravi_412,Admin,76668
413,Neha_413,Admin,60486
414,Anita_414,Sales,26433
415,Pooja_415,Admin,42124
416,Arjun_416,HR,67150
417,Sneha_417,HR,68833
418,Karan_418,Admin,55122
419,Ravi_419,Finance,33991
420,Neha_420,Admin,72051
421,Ravi_421,Finance,23123
422,Pooja_422,Admin,43774
423,Priya_423,Finance,35189
424,Amit_424,Sales,20344
425,Arjun_425,Sales,22512
426,Arjun_426,Finance,77066
427,Priya_427,Admin,21679
428,Neha_428,Admin,31331
429,Ravi_429,Admin,28134
430,Amit_430,Finance,39253
431,Neha_431,Finance,30868
432,Ravi_432,Sales,72803
433,Ravi_433,Sales,64241
434,Karan_434,HR,51418
435,Arjun_435,Finance,75746
436,Arjun_436,HR,69873
437,Rahul_437,HR,42837
438,Amit_438,HR,30881
439,Rahul_439,Admin,41921
440,Karan_440,HR,34298
441,Rahul_441,Admin,48533
442,Ravi_442,HR,67680
443,Pooja_443,Finance,76625
444,Anita_444,Admin,22743
445,Pooja_445,HR,37221
446,Rahul_446,Finance,44747
447,Priya_447,Admin,66674
448,Sneha_448,Finance,40566
449,Neha_449,Sales,38241
450,Ravi_450,Finance,62824
451,Sneha_451,Finance,62833
452,Karan_452,Admin,46793
453,Sneha_453,Admin,72201
454,Amit_454,Sales,64429
455,Karan_455,Admin,64109
456,Ravi_456,Sales,75105
457,Amit_457,Sales,36771
458,Arjun_458,Finance,28451
459,Neha_459,Finance,62106
460,Priya_460,Sales,32497
461,Anita_461,Finance,40014
462,Neha_462,HR,52189
463,Rahul_463,Finance,32378
464,Neha_464,HR,51494
465,Sneha_465,HR,23102
466,Sneha_466,Sales,61984
467,Arjun_467,Admin,24063
468,Arjun_468,Sales,20902
469,Neha_469,HR,54043
470,Amit_470,Admin,21955
471,Rahul_471,Admin,44496
472,Karan_472,Admin,39473
473,Rahul_473,Finance,69007
474,Priya_474,Sales,44855
475,Rahul_475,Finance,53238
476,Rahul_476,Admin,48102
477,Ravi_477,Admin,61011
478,Neha_478,HR,78081
479,Sneha_479,Admin,45417
480,Rahul_480,Sales,57718
481,Ravi_481,Sales,72210
482,Priya_482,Admin,55721
483,Arjun_483,HR,72370
484,Pooja_484,HR,63929
485,Arjun_485,Admin,54067
486,Karan_486,HR,57996
487,Neha_487,HR,74659
488,Neha_488,HR,38629
489,Sneha_489,Finance,79929
490,Arjun_490,Sales,34688
491,Karan_491,Finance,67655
492,Priya_492,Sales,21627
493,Neha_493,Sales,49484
494,Amit_494,Sales,60785
495,Amit_495,HR,60670
496,Rahul_496,HR,54506
497,Rahul_497,Admin,76897
498,Sneha_498,Sales,70685
499,Arjun_499,Finance,49715
500,Amit_500,HR,74147
501,Amit_501,HR,44217
502,Rahul_502,HR,40281
503,Anita_503,Admin,61885
504,Arjun_504,Sales,70239
505,Ravi_505,Finance,34947
506,Neha_506,Admin,43060
507,Priya_507,HR,37110
508,Neha_508,Sales,69207
509,Karan_509,Admin,22493
510,Sneha_510,Sales,43703
511,Pooja_511,Finance,46419
512,Neha_512,HR,35514
513,Sneha_513,HR,51810
514,Pooja_514,HR,21299
515,Priya_515,Admin,30148
516,Rahul_516,Finance,76392
517,Anita_517,Admin,22267
518,Rahul_518,Admin,56120
519,Karan_519,Finance,38215
520,Arjun_520,Admin,25539
521,Pooja_521,Sales,43184
522,Priya_522,Sales,24629
523,Arjun_523,Finance,59775
524,Neha_524,Admin,36153
525,Arjun_525,Admin,52557
526,Karan_526,Admin,76035
527,Karan_527,Sales,70662
528,Karan_528,HR,42186
529,Priya_529,Admin,21624
530,Arjun_530,HR,62262
531,Arjun_531,HR,52596
532,Priya_532,Admin,58367
533,Anita_533,HR,61716
534,Neha_534,Admin,34360
535,Anita_535,Sales,27693
536,Amit_536,Admin,65004
537,Amit_537,Sales,50179
538,Arjun_538,Finance,73145
539,Ravi_539,HR,54043
540,Arjun_540,HR,36784
541,Sneha_541,Admin,51161
542,Amit_542,Admin,33138
543,Pooja_543,Sales,78456
544,Neha_544,HR,41158
545,Anita_545,HR,32394
546,Amit_546,HR,65823
547,Priya_547,HR,66841
548,Sneha_548,HR,37689
549,Neha_549,HR,62321
550,Anita_550,HR,38188
551,Karan_551,Admin,56204
552,Rahul_552,HR,77373
553,Priya_553,Admin,51300
554,Sneha_554,Finance,47007
555,Anita_555,Admin,70679
556,Rahul_556,Sales,37161
557,Arjun_557,Finance,54998
558,Pooja_558,HR,20141
559,Ravi_559,Sales,47617
560,Arjun_560,Admin,28691
561,Arjun_561,HR,50857
562,Amit_562,Sales,41334
563,Amit_563,Finance,53939
564,Neha_564,Sales,60847
565,Karan_565,Finance,61366
566,Sneha_566,Finance,78339
567,Karan_567,Finance,77006
568,Sneha_568,HR,70967
569,Pooja_569,Admin,65489
570,Rahul_570,Admin,21605
571,Priya_571,Admin,53788
572,Karan_572,Finance,68155
573,Ravi_573,Sales,29956
574,Priya_574,HR,20703
575,Arjun_575,HR,51749
576,Amit_576,Sales,73267
577,Arjun_577,Sales,55414
578,Ravi_578,Finance,59447
579,Amit_579,Admin,37087
580,Priya_580,HR,31815
581,Neha_581,Finance,43433
582,Rahul_582,Sales,74201
583,Amit_583,Finance,78682
584,Rahul_584,Sales,20106
585,Anita_585,Admin,65534
586,Priya_586,Sales,41376
587,Neha_587,Sales,37139
588,Anita_588,Sales,75208
589,Anita_589,Sales,26882
590,Priya_590,Finance,60382
591,Amit_591,Finance,54496
592,Ravi_592,Sales,48895
593,Pooja_593,Admin,41692
594,Anita_594,Finance,31162
595,Pooja_595,Admin,76118
596,Rahul_596,Admin,49926
597,Pooja_597,HR,78706
598,Amit_598,HR,37432
599,Ravi_599,HR,72873
600,Pooja_600,Finance,63288
601,Rahul_601,Admin,55378
602,Anita_602,Admin,30909
603,Arjun_603,Finance,55070
604,Arjun_604,HR,45953
605,Arjun_605,Finance,25848
606,Neha_606,HR,41655
607,Rahul_607,Admin,48517
608,Pooja_608,Admin,75495
609,Sneha_609,HR,53780
610,Sneha_610,Finance,77781
611,Sneha_611,Finance,63794
612,Ravi_612,Sales,58777
613,Neha_613,HR,65757
614,Anita_614,HR,72526
615,Arjun_615,Admin,40752
616,Sneha_616,Admin,26470
617,Neha_617,Sales,49950
618,Karan_618,Admin,76351
619,Priya_619,Admin,39555
620,Neha_620,Sales,55819
621,Rahul_621,Sales,69060
622,Rahul_622,HR,67011
623,Amit_623,HR,30432
624,Karan_624,HR,74554
625,Anita_625,Admin,33247
626,Anita_626,Finance,48149
627,Karan_627,HR,55606
628,Ravi_628,Admin,72885
629,Ravi_629,Sales,70750
630,Priya_630,Sales,41856
631,Priya_631,Finance,55734
632,Karan_632,Sales,78625
633,Karan_633,Sales,67672
634,Karan_634,HR,74764
635,Ravi_635,Admin,42061
636,Priya_636,Admin,75696
637,Sneha_637,HR,29813
638,Arjun_638,HR,47752
639,Priya_639,Sales,40235
640,Rahul_640,Sales,53019
641,Karan_641,Finance,32439
642,Priya_642,Finance,61644
643,Pooja_643,Admin,55425
644,Anita_644,Finance,77224
645,Pooja_645,HR,43867
646,Karan_646,HR,44193
647,Arjun_647,Finance,45280
648,Sneha_648,Finance,56954
649,Sneha_649,Finance,27527
650,Arjun_650,Sales,74179
651,Neha_651,Finance,77920
652,Sneha_652,Sales,38244
653,Sneha_653,HR,43612
654,Karan_654,Admin,27313
655,Karan_655,HR,44701
656,Priya_656,Finance,36593
657,Anita_657,Admin,22573
658,Sneha_658,Finance,37597
659,Ravi_659,Finance,64683
660,Arjun_660,Finance,37390
661,Ravi_661,Sales,52205
662,Priya_662,Finance,51574
663,Karan_663,Finance,47428
664,Priya_664,Finance,22622
665,Karan_665,Admin,79993
666,Karan_666,HR,64509
667,Karan_667,HR,74884
668,Pooja_668,HR,71464
669,Amit_669,HR,42751
670,Neha_670,HR,61174
671,Anita_671,Finance,73775
672,Arjun_672,HR,33211
673,Arjun_673,Admin,35102
674,Priya_674,Admin,46327
675,Amit_675,Admin,24699
676,Amit_676,HR,41494
677,Anita_677,HR,43771
678,Anita_678,HR,41549
679,Ravi_679,Admin,36575
680,Amit_680,Sales,35448
681,Karan_681,Sales,49914
682,Ravi_682,Admin,58469
683,Anita_683,Finance,74947
684,Arjun_684,Sales,41648
685,Sneha_685,Sales,55819
686,Anita_686,Sales,26063
687,Karan_687,Sales,66915
688,Neha_688,Admin,31410
689,Neha_689,HR,53555
690,Arjun_690,Finance,25532
691,Priya_691,Sales,77043
692,Anita_692,Finance,30376
693,Arjun_693,Finance,54836
694,Amit_694,HR,76755
695,Neha_695,Admin,70719
696,Arjun_696,HR,52583
697,Priya_697,HR,61098
698,Sneha_698,Admin,60396
699,Neha_699,Admin,64258
700,Arjun_700,Finance,75325
701,Neha_701,Admin,66617
702,Ravi_702,Sales,78884
703,Rahul_703,HR,62107
704,Neha_704,Sales,32182
705,Ravi_705,Sales,25628
706,Amit_706,HR,66138
707,Anita_707,HR,70824
708,Neha_708,HR,53443
709,Priya_709,HR,75187
710,Pooja_710,Finance,50469
711,Anita_711,Sales,36736
712,Arjun_712,Finance,53303
713,Amit_713,Admin,61183
714,Anita_714,HR,77630
715,Sneha_715,Finance,63514
716,Karan_716,Admin,69295
717,Anita_717,HR,55710
718,Karan_718,HR,37088
719,Amit_719,HR,32975
720,Pooja_720,Finance,45810
721,Arjun_721,HR,34159
722,Anita_722,Sales,53412
723,Priya_723,HR,35307
724,Arjun_724,Admin,62659
725,Priya_725,Admin,67357
726,Karan_726,Admin,54611
727,Priya_727,HR,53218
728,Amit_728,Sales,73453
729,Sneha_729,HR,35555
730,Rahul_730,Sales,24558
731,Karan_731,Admin,53082
732,Karan_732,Sales,65985
733,Ravi_733,Finance,67402
734,Rahul_734,Finance,72484
735,Sneha_735,HR,77689
736,Ravi_736,Sales,75001
737,Priya_737,HR,37704
738,Priya_738,Finance,42897
739,Anita_739,HR,25149
740,Pooja_740,Admin,20915
741,Priya_741,Admin,77048
742,Amit_742,Finance,20430
743,Priya_743,Finance,34130
744,Anita_744,Finance,24456
745,Anita_745,Finance,61293
746,Pooja_746,HR,73984
747,Ravi_747,HR,52651
748,Neha_748,Admin,39672
749,Amit_749,Admin,34995
750,Neha_750,Sales,56471
751,Pooja_751,Finance,58512
752,Karan_752,Finance,38202
753,Anita_753,Finance,78994
754,Neha_754,Finance,28922
755,Karan_755,HR,71239
756,Neha_756,Sales,74064
757,Ravi_757,HR,60252
758,Arjun_758,Sales,25494
759,Arjun_759,Sales,37925
760,Neha_760,HR,45892
761,Karan_761,Finance,55735
762,Arjun_762,Admin,72599
763,Ravi_763,Admin,46465
764,Ravi_764,Admin,56966
765,Karan_765,Admin,52540
766,Rahul_766,Sales,39136
767,Karan_767,Finance,31963
768,Anita_768,HR,68241
769,Karan_769,Finance,40029
770,Pooja_770,Sales,24867
771,Neha_771,Sales,65656
772,Karan_772,Admin,54346
773,Anita_773,Sales,54390
774,Rahul_774,Finance,25321
775,Arjun_775,HR,48415
776,Karan_776,Sales,30334
777,Arjun_777,Sales,71448
778,Priya_778,HR,69304
779,Priya_779,Finance,27325
780,Rahul_780,Finance,36704
781,Arjun_781,Admin,50840
782,Arjun_782,Admin,31230
783,Pooja_783,Sales,37521
784,Sneha_784,Sales,53024
785,Ravi_785,Sales,23198
786,Priya_786,Finance,33867
787,Amit_787,Finance,55168
788,Ravi_788,Admin,60899
789,Karan_789,Sales,20861
790,Amit_790,Admin,49483
791,Ravi_791,Finance,72352
792,Neha_792,HR,39113
793,Rahul_793,HR,26349
794,Amit_794,Finance,31087
795,Rahul_795,Admin,52477
796,Neha_796,Admin,52317
797,Sneha_797,HR,32200
798,Sneha_798,Admin,77142
799,Priya_799,Sales,66044
800,Pooja_800,Sales,77196
801,Rahul_801,Sales,55603
802,Karan_802,Finance,41169
803,Priya_803,HR,51328
804,Rahul_804,HR,65687
805,Pooja_805,Admin,60963
806,Pooja_806,HR,31762
807,Amit_807,Finance,27648
808,Sneha_808,Sales,48813
809,Anita_809,Sales,44174
810,Anita_810,Finance,53749
811,Rahul_811,Sales,36763
812,Neha_812,HR,64551
813,Rahul_813,Admin,67378
814,Arjun_814,Admin,33969
815,Anita_815,HR,49200
816,Ravi_816,Admin,70837
817,Rahul_817,HR,30765
818,Karan_818,Finance,77543
819,Neha_819,Sales,69814
820,Pooja_820,HR,48382
821,Neha_821,Admin,43031
822,Anita_822,Sales,25009
823,Ravi_823,HR,70301
824,Anita_824,Admin,25997
825,Neha_825,Sales,56792
826,Karan_826,Sales,44704
827,Priya_827,HR,75445
828,Priya_828,Finance,63455
829,Ravi_829,HR,75776
830,Anita_830,Admin,58158
831,Karan_831,Sales,35161
832,Sneha_832,Finance,52864
833,Arjun_833,Sales,41948
834,Karan_834,Admin,74479
835,Priya_835,Admin,57701
836,Anita_836,HR,58742
837,Ravi_837,HR,72581
838,Amit_838,Admin,59036
839,Pooja_839,HR,78219
840,Amit_840,Sales,55405
841,Amit_841,Admin,45983
842,Priya_842,Sales,77129
843,Anita_843,Admin,43040
844,Amit_844,Admin,77440
845,Karan_845,Sales,39571
846,Neha_846,Sales,59512
847,Anita_847,Sales,64713
848,Anita_848,Finance,65812
849,Sneha_849,Admin,38740
850,Karan_850,HR,71344
851,Neha_851,Finance,44466
852,Arjun_852,Admin,64829
853,Neha_853,Sales,37884
854,Priya_854,HR,77439
855,Karan_855,Admin,68334
856,Ravi_856,Sales,61497
857,Karan_857,Admin,73664
858,Neha_858,Admin,29421
859,Anita_859,Sales,57206
860,Karan_860,Sales,77277
861,Anita_861,HR,62162
862,Priya_862,Sales,74965
863,Sneha_863,Finance,24721
864,Anita_864,HR,37108
865,Ravi_865,Sales,79542
866,Karan_866,HR,54924
867,Sneha_867,Sales,43429
868,Amit_868,Admin,77541
869,Anita_869,HR,68078
870,Ravi_870,HR,65609
871,Neha_871,Sales,58603
872,Sneha_872,Admin,68569
873,Neha_873,Finance,23978
874,Sneha_874,Finance,23709
875,Amit_875,Admin,40860
876,Arjun_876,Admin,58529
877,Priya_877,HR,28488
878,Priya_878,Sales,63500
879,Amit_879,Sales,66133
880,Ravi_880,Admin,77235
881,Neha_881,HR,23938
882,Rahul_882,Sales,74108
883,Amit_883,Admin,66446
884,Neha_884,Admin,21412
885,Amit_885,Sales,46228
886,Pooja_886,HR,30317
887,Priya_887,Finance,39115
888,Priya_888,Finance,36992
889,Ravi_889,Finance,63654
890,Ravi_890,HR,48630
891,Ravi_891,Admin,20074
892,Karan_892,Finance,65657
893,Pooja_893,Admin,38743
894,Neha_894,Admin,24068
895,Anita_895,HR,64281
896,Arjun_896,Admin,49095
897,Pooja_897,Admin,28446
898,Sneha_898,Finance,22072
899,Anita_899,HR,35309
900,Sneha_900,Sales,34093
901,Priya_901,Admin,36911
902,Pooja_902,Sales,59954
903,Sneha_903,Admin,30719
904,Neha_904,Finance,70249
905,Anita_905,Sales,69813
906,Anita_906,Admin,33203
907,Priya_907,Finance,73890
908,Pooja_908,Finance,34310
909,Sneha_909,Finance,54090
910,Neha_910,Admin,36174
911,Arjun_911,HR,73626
912,Priya_912,Finance,43907
913,Karan_913,Admin,48149
914,Anita_914,Sales,51673
915,Neha_915,Finance,72916
916,Ravi_916,Finance,77280
917,Ravi_917,Finance,34509
918,Rahul_918,Sales,67772
919,Priya_919,HR,63435
920,Anita_920,Finance,68021
921,Pooja_921,Finance,65173
922,Rahul_922,Admin,57944
923,Arjun_923,Sales,76559
924,Amit_924,HR,22687
925,Rahul_925,Finance,72739
926,Priya_926,Sales,67376
927,Rahul_927,HR,79112
928,Karan_928,Finance,39059
929,Anita_929,Admin,50872
930,Arjun_930,Admin,64369
931,Anita_931,HR,40808
932,Ravi_932,Sales,44564
933,Rahul_933,Admin,54971
934,Arjun_934,Admin,47676
935,Neha_935,Finance,49950
936,Pooja_936,Admin,56259
937,Pooja_937,Finance,65092
938,Neha_938,Sales,44376
939,Neha_939,HR,71835
940,Rahul_940,Admin,54394
941,Anita_941,Admin,25033
942,Neha_942,Admin,79879
943,Priya_943,Sales,62379
944,Pooja_944,Sales,68643
945,Pooja_945,Admin,78155
946,Pooja_946,Sales,70015
947,Sneha_947,HR,40027
948,Karan_948,Admin,23666
949,Priya_949,HR,38710
950,Karan_950,Finance,35525
951,Ravi_951,Finance,61548
952,Karan_952,Sales,77445
953,Ravi_953,HR,49884
954,Neha_954,HR,38458
955,Pooja_955,HR,49129
956,Priya_956,HR,75944
957,Arjun_957,HR,34426
958,Ravi_958,Sales,21183
959,Priya_959,Finance,67845
960,Amit_960,Finance,48745
961,Ravi_961,HR,46823
962,Arjun_962,Finance,68461
963,Anita_963,Finance,64983
964,Amit_964,HR,44179
965,Karan_965,Sales,32694
966,Ravi_966,HR,65285
967,Ravi_967,Admin,50461
968,Karan_968,Finance,72461
969,Sneha_969,HR,40820
970,Sneha_970,Admin,71978
971,Karan_971,HR,69674
972,Anita_972,Admin,69770
973,Amit_973,Admin,55811
974,Arjun_974,Finance,36745
975,Neha_975,HR,44585
976,Neha_976,Finance,26158
977,Karan_977,Finance,46441
978,Karan_978,Sales,78000
979,Ravi_979,Sales,66229
980,Sneha_980,HR,50906
981,Karan_981,Sales,22565
982,Ravi_982,Sales,71304
983,Sneha_983,Admin,25082
984,Amit_984,Sales,35759
985,Rahul_985,Finance,61897
986,Ravi_986,HR,53241
987,Ravi_987,Finance,22573
988,Arjun_988,Sales,29098
989,Karan_989,Sales,37071
990,Ravi_990,HR,61435
991,Ravi_991,HR,68953
992,Neha_992,HR,52789
993,Arjun_993,Sales,57477
994,Ravi_994,Sales,21704
995,Rahul_995,Admin,30362
996,Pooja_996,Admin,23838
997,Anita_997,HR,29232
998,Neha_998,Finance,34825
999,Arjun_999,Admin,49313
1000,Amit_1000,HR,63368
